"Country","Revenue"
"Belgium","24502678.16216888"
"France","104959874.06774172"
"Germany","79187758.72040994"
"Italy","69504559.346865"
"Japan","5720746.973768396"
"Netherlands","61035577.63851609"
"Sweden","84011240.49661134"
"United Kingdom","82268482.4579435"
"United States","622515885.0643693"
